Applicant Organisation,Collaborator,Grant Type,Grant Amount,Project Cost,Project Title
Anteo Technologies Pty Limited,The University of Queensland,Researcher Placement,"$10,000","$20,000",Novel In Vivo Nanoparticles for Imaging
Cobbett Pty Ltd,The University of Queensland,Researcher Placement,"$50,000","$130,000",Novel additives for the preservation of feed for all animal species
ADVANTA SEEDS PTY LTD,The University of Queensland,Researcher Placement,"$28,730","$57,459",An analysis of Chinese grain sorghum requirements and Australias ability to meet these needs.
DEMAND MANAGER PTY. LTD.,Western Sydney University,Researcher Placement,"$50,000","$100,000",Design & capability analysis & development for light meter for energy smart mobile device & app
Ruag Australia Pty Ltd,RMIT,Researcher Placement,"$49,931","$99,862",Internal repair process for high strength low carbon steels utilising laser additive deposition technologies
GREENPOWER ENERGY LIMITED,Monash University,Researcher Placement,"$50,000","$100,000",Evaluation of fulvic acid products from lignite for enhancement of plant and fungi growth
FLIGHT DATA SYSTEMS PTY. LTD.,RMIT,Researcher Placement,"$30,571","$60,959",Development of a Multi-Configuration Advanced Ground Control System for Airborne Photogrammetry Platforms
Pod Active Pty Ltd,Deakin University,Researcher Placement,"$49,985","$41,279",Development and evaluation of a perceptive roll control ankle support brace
Signostics Limited,University of South Australia,Researcher Placement,"$27,780","$55,560",The assessment of the clinical benefit of the SignosRT Bladder Scanner in a maternity setting
Universal Biosensors Pty Ltd,CSIRO,Researcher Placement,"$38,304","$107,068",Identify PQQ-GDH inhibitors
ERAMILL NOMINEES PTY LTD,CSIRO,Researcher Placement,"$30,371","$83,182",Processing of Lupins
Botanical Resources Australia-Manufacturing Services Pty Ltd,CSIRO,Researcher Placement,"$22,258","$61,868",Characterisation of pyrethrin polymer and an investigation into its formation
Boron Molecular Pty Ltd,CSIRO,Researcher Placement,"$50,000","$165,318",Commercial synthesis of RAFT Agents
Immuron Limited,Monash University,Researcher Placement,"$50,000","$100,000","New non-antibiotic strategies to manage the incidence, severity and recurrence of Clostridium difficile gut disease"
Alligator Energy Ltd,CSIRO,Researcher Placement,"$49,875","$135,316",Sustainable integrated weed management on Alligator Energy's tenements
SAMTASS BROS SEAFOODS,The University of Adelaide,Researcher Placement,"$49,648","$99,668",Investigation of ECAS4 technology for improving water quality and shelf life in the seafood industry
ATLITE (AUSTRALIA) PTY LTD,Swinburne University of Technology,Researcher Placement,"$36,225","$72,450",A new fire rated openable skylight.
ENRETECH AUSTRALASIA PTY LIMITED,University of New South Wales,Researcher Placement,"$49,771","$99,542",Pilot Biodegradation Trial of crude oil sludge.
TREE CROP TECHNOLOGIES PTY LTD,University of Southern Queensland,Researcher Placement,"$50,000","$100,540",Applying risk-based principles of dispersive mine spoil behaviour to facilitate development of cost-effective best management practices
HFP MACKSVILLE PTY LTD,Queensland University of Technology,Researcher Placement,"$50,000","$102,321","The in vitro wound healing, anti-inflammatory and antimicrobial effects of three Australian native plants."
HFP MUDGEE PTY LTD,Queensland University of Technology,Researcher Placement,"$50,000","$102,321",An Australian native plant: a novel antimicrobial for the treatment of MRSA.
Saxbys Soft Drinks Pty Ltd,The University of Newcastle,Researcher Placement,"$26,716","$53,432",The development of formulated beverages to relieve fatigue and optimise well-being.
CLEAN TEQ LIMITED,Queensland University of Technology,Researcher Placement,"$50,000","$100,000",Ammonia removal from wastewaters using a hybrid ion exchange resin suitable for the continuous ion exchange process
NAUTITECH MINING SYSTEMS PTY LIMITED,University of Technology Sydney,Researcher Placement,"$32,500","$65,000",Thermal analytics of people for mobile machines in underground mining
ALLEGRA ORTHOPAEDICS HOLDINGS PTY LTD,University of New South Wales,Researcher Placement,"$50,000","$122,928",The optimisation of Sr-HT- Gahnite formula to allow for its effective 3D printing to meet required regulatory approvals.
Carbon Revolution Operations Pty Ltd,RMIT,Researcher Placement,"$6,358","$12,716",Life Cycle assessment of carbon fibre wheels
Carrowdore Pty Ltd,University of Tasmania,Researcher Placement,"$26,202","$52,404",Cold Chain Analysis
NOSTRADATA PTY. LTD.,Monash University,Researcher Placement,"$19,685","$39,370",A Study of Australian Private Retail Pharmacies Supply Chain
GOLD ROAD RESOURCES LIMITED,CSIRO,Researcher Placement,"$50,000","$211,201",Mineral systems study of the Toppin Hill and Smokebush prospects
ARCH WOOD PROTECTION (AUST) PTY LIMITED,CSIRO,Researcher Placement,"$12,149","$32,506",Improved Anti-Fungal & Anti-Corrosion Formulations for Material Protection
CORNERSTONE SOLUTIONS PTY LTD,RMIT,Researcher Placement,"$49,338","$98,676",Development of Machine Vision Technologies for Automated Activity Detection
Infratech Industries Pty Ltd,Flinders University,Researcher Placement,"$46,066","$92,132",Approaches to Water Quality Monitoring and Treatment for Applications in Remote Areas
ID RESEARCH PTY LIMITED,Queensland University of Technology,Researcher Placement,"$50,000","$100,000",Assessment of durability of polymer dispersed liquid crystal systems
JORD INTERNATIONAL PTY LIMITED,The University of Newcastle,Researcher Placement,"$50,000","$100,000",Advanced de-watering of problematic ore and tailings
Serraview Australia Pty Ltd,RMIT,Researcher Placement,"$25,137","$50,274",Indoor positioning using smartphone sensors
A & I Coatings Pty Ltd,University of Wollongong,Researcher Placement,"$46,979","$70,990",Development of Coatings for Balsa surfaces
Sementis Pty Ltd,University of South Australia,Researcher Placement,"$50,000","$100,955",Development of cell line based manufacturing processes for Sementis SCV vaccines
Junglefy Pty Ltd,University of Technology Sydney,Researcher Placement,"$43,473","$86,946",Assessing the Junglefy ecoVert Air modular green wall system for improving indoor and outdoor air quality
Zeolite Australia Pty Ltd,Queensland University of Technology,Researcher Placement,"$50,000","$100,000",Development of natural zeolites for high value commercial applications
POLYSOFT PTY LIMITED,CSIRO,Researcher Placement,"$37,321","$88,635",Development of Improved Paving Material
Ecofibre Industries Operations Pty Ltd,University of Southern Queensland,Researcher Placement,"$50,000","$100,000",Hemp Hurd Composites for Green Antibacterial Food Packaging
LicenSys Pty Ltd,The University of Queensland,Researcher Placement,"$50,000","$100,000",Road Curtain Intelligent Sensor
DYESOL AUSTRALIA PTY LTD,CSIRO,Researcher Placement,"$50,000","$137,105",Stability and durability assessment of pre commercial Perovskite photovoltaic modules
FUTURE FIBRE TECHNOLOGIES PTY. LTD.,Monash University,Researcher Placement,"$50,000","$100,000",New mathematical models for data handling
Phylogica Limited,Oliva Newton-John Cancer Research Institute,Researcher Placement,"$50,000","$126,160",Developing smarter cancer drugs with higher potencies and fewer side-effects
BVCI Pty Ltd,The University of Queensland,Researcher Placement,"$49,254","$140,507",DETERMINATION OF ACCURATE LATERAL LOAD DISTRIBUTION ON BURIED CABLE JOINTING PITS
DIAGNOSTIC TECHNOLOGY PTY LIMITED,University of New South Wales,Researcher Placement,"$50,000","$100,000",Develop a pilot photosynthetic production process to express a functional secondary metabolite by cloning and insertion of a biosynthetic pathway into Synechyosystis species.
WICKHAM FARMS KILLARNEY PTY LTD,Department of Agriculture and Fisheries,Researcher Placement,"$42,834","$85,667",Natural formulations for shelf-life extension of fresh cut potatoes
Southern Oil Refining Pty Ltd,Australian National University,Researcher Placement,"$50,000","$110,000",A study of the removal of sulphur and other heteroatoms from used oil using plasma processing technology
AQUARIUS TECHNOLOGIES PTY LTD,Griffith University,Researcher Placement,"$25,000","$50,000","A real-time, in-line corrosion inhibitor sensing system"
NINDOOINBAH PTY LTD,The University of Queensland,Researcher Placement,"$21,079","$42,157","Incorporating genomics into the business model of Nindooinbah, an influential breeder of tropically-adapted seedstock."
SUPER COOL ASIA PACIFIC PTY LTD,Griffith University,Researcher Placement,"$40,000","$80,327",Thermal Response Sensor for Road Shipping
JERVOIS MINING LIMITED,CSIRO,Researcher Placement,"$40,202","$90,157",Improved process for rare transition metal extraction
BRIAN INVESTMENTS PTY LTD,CSIRO,Researcher Placement,"$37,320","$94,836",Ceramic and Steel Bonding
RESONANCE HEALTH ANALYSIS SERVICES PTY LTD,CSIRO,Researcher Placement,"$50,000","$182,041",Detecting fibrosis using MR images of the liver
GREENEARTH ENERGY LIMITED,CSIRO,Researcher Placement,"$25,119","$68,826",Developing a thermal transfer adhesive to transfer the heat generated by LED lights
Archer Exploration Limited,CSIRO,Researcher Placement,"$8,887","$42,346",Archer Exploration Graphite Evaluation
Bombora Wave Power Pty Ltd,Curtin University,Researcher Placement,"$48,251","$102,957",Modelling a Wave Energy Converter
GORDAGEN PHARMACEUTICALS PTY LTD,Monash University,Researcher Placement,"$27,211","$54,422",Lymph directing Prodrugs of Tocotrienols
Clarity Pharmaceuticals Ltd,The University of Queensland,Researcher Placement,"$49,423","$91,558",Developing Novel Radiopharmaceuticals for Preclinical and Clinical Studies
MAF Oceania Pty Ltd,Central Queensland University,Researcher Placement,"$49,152","$98,303",New directions in packhouse sorting : looking inside fruit and outside the packhouse
Baron Rubber Proprietary Limited,CSIRO,Researcher Placement,"$19,139","$48,535",Development of new light cured polysiloxane resins for 3D printing of medical device prototypes.
EnGeneIC Limited,The University of Queensland,Researcher Placement,"$32,472","$64,944","The biophysical characterisation of novel, recombinant bi-specific antibodies utilised in drug-delivery technology using Bio-layer Interferometry (Octet)"
WOODS SEEDS PTY LTD,The University of Queensland,Researcher Placement,"$50,000","$100,000","A New Sustainable Pigeonpea Industry for Dryland Cropping and Export Markets, that will ensure pigeonpea crop that will be attractive to dryland growers as well as to grain trading people"
FMP GROUP (AUSTRALIA) PTY LIMITED,Deakin University,Researcher Placement,"$49,907","$99,814",Towards copper-free friction materials
Prana Biotechnology Limited,Monash University,Researcher Placement,"$50,000","$135,000",Physicochemical and metabolic analysis of Metal Protein Attenuating Compounds.
Romar Engineering Pty Ltd,University of New South Wales,Researcher Placement,"$48,210","$96,419",Scaling manufacture of microneedle patch arrays for point-of-care diagnostics and transdermal drug delivery
VALLEY SEEDS PROPRIETARY LIMITED,Monash University,Researcher Placement,"$46,756","$93,512",Chemical Hybridisation Agents
STARPHARMA PTY LTD,Peter MacCallum Cancer Centre,Researcher Placement,"$50,000","$108,400",Drug loaded DEP dendrimer conjugates for advanced anticancer treatment.
HEALTH IQ PTY. LTD.,CSIRO,Researcher Placement,"$50,000","$100,000",Developing an integrated admission forecasting and patient flow software tool for hospitals.
ELEMENTAL ENERGY TECHNOLOGIES LTD,University of Tasmania,Researcher Placement,"$39,050","$78,100",Flow field experiments using 2D Particle Image Velocimetry
Bluechiip Limited,The University of Melbourne,Researcher Placement,"$49,790","$99,579",Low temperature range sensor for biological samples
GUNDY VETERINARY SERVICES PTY. LTD.,The University of Newcastle,Researcher Placement,"$30,000","$60,000",Enhancing the reproductive efficiency of Australian Thoroughbred stallions: The development of an on-farm test of stallion fertility through the measurement of sperm metabolism and energy production.
CLINICAL GENOMICS TECHNOLOGIES PTY LTD,CSIRO,Researcher Placement,"$50,000","$152,055",Improved assays for detection of colorectal cancer
MailGuard Pty Ltd,Swinburne University of Technology,Researcher Placement,"$34,095","$68,189",Benchmarking and evaluating anti-spam solutions
Universal Biosensors Pty Ltd,CSIRO,Researcher Placement,"$43,535","$128,440","The identification, synthesis and testing of PQQ-GDH inhibitors (Part 2)"
TA ANN TASMANIA PTY LTD,University of Tasmania,Researcher Placement,"$47,625","$95,249",Veneer from plantation hardwoods
Armour Energy Pty Ltd,The University of Queensland,Researcher Placement,"$49,967","$99,933",Re-evaluation of the thermal maturity of McArthur Basin source rocks
Byford Equipment Pty Ltd,University of Technology Sydney,Researcher Placement,"$50,000","$114,656",Research & demonstrate at concept level a Real-time Data Supply System for a planned Cloud-based Milk Tanker road-safety Anti-roll-over monitoring system for a tanker manufacturer.
INTEGRIA HEALTHCARE (AUSTRALIA) PTY LTD,CSIRO,Researcher Placement,"$38,680","$101,841",Scale up of herbal extract formulations
THE PEAK GROUP PTY LIMITED,The University of Newcastle,Researcher Placement,"$50,000","$100,000",Power transmission line earth return impedance and its interactions with third party built environments
CLEAN TEQ LIMITED,Deakin University,Researcher Placement,"$49,916","$99,831",Aluminium alloy development for aerospace applications
Marinova Pty Ltd,University of Tasmania,Researcher Placement,"$50,000","$100,003",Efficacy of Fucoidan for reducing allergic airway inflammation & interactions with E.coli and yeast/fungal strains
Workforce Health Assessors Pty Ltd,University of Technology Sydney,Researcher Placement,"$50,000","$124,225",Business intelligence reporting system
SAMTASS BROS SEAFOODS,The University of Adelaide,Researcher Placement,"$50,000","$100,000",Targeted application of ECAS4 technology to improve the shelf life and safety of farmed Atlantic salmon.
MULTISKILLED RESOURCES AUSTRALIA PTY. LIMITED,The University of Newcastle,Researcher Placement,"$48,955","$97,909",Collision avoidance technology for ship loading facilities
HASSELL LTD,The University of Melbourne,Researcher Placement,"$30,000","$60,000",Designing Hospitals for Team based Patient Care
Ondek Pty Ltd,CSIRO,Researcher Placement,"$49,518","$151,095",Development of a scalable manufacturing process for H. Pylori cell lysate (Part 1)
ETTASON (VIC) PTY LIMITED,University of New South Wales,Researcher Placement,"$50,000","$100,000",Prototype study of fluorescent dyes for enhanced greenhouse growth for plants as an agricultural enabling technology.
Admedus Regen Pty Ltd,The University of Melbourne,Researcher Placement,"$50,000","$100,053",Epitopes in Next Generation Biomaterials
Hexima Ltd,La Trobe University,Researcher Placement,"$50,000","$109,009",The effectiveness of plant defensins as a treatment for vaginal candidiasis.
DefendTex Pty Ltd,RMIT,Researcher Placement,"$50,000","$127,707",High velocity projectile system
HILLVIEW SAND PTY LTD,Swinburne University of Technology,Researcher Placement,"$25,146","$50,292",Investigation of a sand by-product to improve moisture and nutrient retention in sandy soils
ACO POLYCRETE PTY LTD,University of New South Wales,Researcher Placement,"$50,000","$100,000",Laboratory testing for grate inlet capacity and predictive software modelling.
D.T.R. Holdings Pty Ltd,Central Queensland University,Researcher Placement,"$45,000","$90,000",Practical outcomes with Precision and Bio based technologies in traditional farming systems.
LITHIUM AUSTRALIA NL,ANSTO,Researcher Placement,"$37,988","$123,953",Lithium Extraction from Micas
Australian Bay Lobster Producers Ltd,University of New South Wales,Researcher Placement,"$14,384","$28,767",Identification of the cause of molt death syndrome in Australian Bay Lobsters
LOCK FOCUS PTY. LTD.,Monash University,Researcher Placement,"$5,782","$11,564",Development of a low odour anti-corrosion compound
MBD ENERGY LIMITED,James Cook University,Researcher Placement,"$50,000","$100,000",Translating R&D into best practice aquaculture through wastewater service and new product development
Intellectual Ventures Australasia Pty Ltd,University of New South Wales,Researcher Placement,"$50,000","$141,616","Environmentally friendly Surfactants for applications in emulsion breaking, Hydrophilic washable paints and surfactant-graphene based antimicrobial coatings."
M&S Engineering Pty Ltd,University of Wollongong,Researcher Placement,"$30,034","$55,076","Development and optimisation of the ""HushBlock"" The project will focus on modelling and testing to determine optimal manufacturing parameters"
SPW ANALYTICAL PTY LTD,The University of Adelaide,Researcher Placement,"$23,951","$47,902",New spectroscopic methods for high throughput soil analysis
AUSTRALIAN BIO-TECH LABORATORIES PTY LTD,The University of Newcastle,Researcher Placement,"$48,794","$97,588",Developing an optimal method of purifying proteins from bovine blood.
ELLEX MEDICAL PTY LTD,Central Adelaide Local Health Network Incorporated,Researcher Placement,"$33,400","$66,800",Photobiomodulation of the Retina.
AdAlta Ltd,La Trobe University,Researcher Placement,"$50,000","$141,119",I-bodies as biomarkers for Idiopathic Pulmonary Fibrosis (IPF)
PURATAP PTY LTD,University of South Australia,Researcher Placement,"$50,000","$114,202",Development of a Chemical detection device.
KIANDRA IT PTY LTD,Deakin University,Researcher Placement,"$40,000","$80,000",My Ultimate 4WD
GALE PACIFIC LIMITED,Deakin University,Researcher Placement,"$50,000","$100,256",Development Superhydrophobic Surfaces For Polypropylene Fabrics
SIRTEX TECHNOLOGY PTY LTD,The University of Sydney,Researcher Placement,"$50,000","$162,773",Exploring the use of nanoparticles to aid the treatment of cancer
CVS FREEFLOW LOUVRE SYSTEMS PTY.,CSIRO,Researcher Placement,"$50,000","$131,254",Rain Defense Testing and Validation
G.T. RECYCLING PTY. LTD.,Deakin University,Researcher Placement,"$49,494","$98,987",Transforming carpet waste into a commercial admixture for concrete
Gillebri Cotton Co PTY Ltd,The University of Queensland,Researcher Placement,"$12,500","$25,000",Functional ingredients from onion and garlic grown in Australia
SENSADATA PTY LTD,La Trobe University,Researcher Placement,"$47,992","$95,984","RFID Track, Trace and Find : Measure and Report System"
SFM Environmental Solutions PTY Ltd,University of Tasmania,Researcher Placement,"$31,490","$62,980",Processing methods for hydrowood
SOUTHERN ESTATE WINES AUSTRALIA PTY LTD,Swinburne University of Technology,Researcher Placement,"$41,275","$82,550",Viridi Biomass treatment process is a new way of processing 'grape marc' extracting Tartaric acid whilst providing an alternative waste disposal option reducing landfill and reducing CO2 emissions.
Franmarine Underwater Services Pty Ltd,Murdoch University,Researcher Placement,"$33,897","$67,793",Options for Waste Stream from In-Water Hull Cleaning
CINGLEVUE INTERNATIONAL PTY LTD,Edith Cowan University,Researcher Placement,"$45,714","$91,427","Developing an online, self-completed, psychometric tool"
ESSENTIAL OILS OF TASMANIA PTY LTD,University of Tasmania,Researcher Placement,"$49,148","$98,295",The impact of sweet cherry anthocyanins on inflammation
FURNACE ENGINEERING PTY. LTD.,Swinburne University of Technology,Researcher Placement,"$47,023","$94,046",Digital design process for productivity enhancements
FLAVOUR CREATIONS PTY LTD,Department of Agriculture and Fisheries,Researcher Placement,"$23,645","$47,289",Sensory analysis of textural attributes associated with dysphagia products.
BYRNSON MANUFACTURING PTY. LTD.,University of Wollongong,Researcher Placement,"$49,221","$98,441",Simulation of Natural Ventilation for Different Building Archetypes
Porosus Pty Ltd,Charles Darwin University,Researcher Placement,"$50,000","$100,000",Characterisation of the microflora on crocodile skins
Joinlox Pty Ltd,University of Southern Queensland,Researcher Placement,"$29,267","$58,534",Behaviour of structures repaired with novel fibre composites jackets.
TenasiTech Pty Ltd,The University of Queensland,Researcher Placement,"$50,000","$138,539",Optimisation of nano-additives for plastics customers
AUSTRALIAN ORTHOPAEDIC FIXATIONS PTY LTD,The University of Adelaide,Researcher Placement,"$50,000","$100,000",Development of new plating systems for internal fixation of fractures.
SDI LIMITED,Monash University,Researcher Placement,"$38,901","$77,802",Developing a low shrinkage and low stress monomer
Vaxine Pty Ltd,The University of Sydney,Researcher Placement,"$50,000","$100,029",Combining novel cancer vaccines with the immune checkpoint inhibitor anti-PD1
MATSA RESOURCES LIMITED,CSIRO,Researcher Placement,"$50,000","$205,282",Landscape geochemistry model and cover architecture
Avexa Limited,Monash University,Business Researcher Placement,"$50,000","$118,076",Attention training for children with an autism spectrum disorder
ELEMENTAL ENERGY TECHNOLOGIES LTD,University of Tasmania,Researcher Placement,"$50,000","$103,740",Experimental investigation of fullscale MAKO turbine in Tamar River
URBANVIRONS GROUP PTY LTD,The University of Melbourne,Researcher Placement,"$27,107","$54,214",Development and testing of a novel weed management device.
DEMAND MANAGER PTY. LTD.,Western Sydney University,Researcher Placement,"$50,000","$100,000",Lightwork Lighting Industry Optimisation Tool
SILVAN AUSTRALIA PTY LTD,RMIT,Researcher Placement,"$8,135","$16,270",Production line design for wheelbarrow assembly
Air-Radiators Pty Ltd,CSIRO,Researcher Placement,"$30,645","$63,300","Leak free, thermally conductive, high temperature bonding method"
G.L. MCGAVIN PTY LTD,The University of Newcastle,Business Researcher Placement,"$50,000","$116,000",Development of a wearable or hands-free voltage detection device.
THE PRODUCT MAKERS (AUSTRALIA) PTY LIMITED,,Graduate Placement,"$30,000","$71,360",The effect of Phytolin on Cancer and Inflammation in Human Cell Lines
CONTROL SYSTEMS TECHNOLOGY PTY LTD,The University of Newcastle,Researcher Placement,"$50,000","$110,413",Integrated on-line weighing system development for conveyor systems.
Pivot Maritime International,La Trobe University,Researcher Placement,"$49,880","$99,760",Algorithms to create the real life visuals of a ship training simulato
Heavey Lex No. 74 Pty Ltd,The University of Queensland,Business Researcher Placement,"$46,995","$93,989",New Product formulation an testing and laboratory and clean room setup
TS GLOBAL PTY LIMITED,CSIRO,Researcher Placement,"$50,000","$104,315",Use of advanced materials to improve conveyor belt cleaning technology
HAMBLIN PTY. LTD.,The University of Sydney,Researcher Placement,"$50,000","$100,000","Beef Carcass Predictor using Metabolomics, Lipidomics and Genomics"
Coral Sunscreen Pty Ltd,CSIRO,Researcher Placement,"$50,000","$143,819",Development of novel UV absorbers for use in cosmetic applications
