Applicant Organisation,Collaborator,Grant Type,Grant Amount,Project Cost,Project Title
VIVA-AROMA PTY. LTD.,The University of Melbourne,Researcher Placement,"$30,561","$61,121",Development of a Cosmetic Index of Skin Health (CISH)
Geo Carbon Services Pty Limited,University of Technology Sydney,Researcher Placement,"$50,000","$149,946",Managing risk to environmental markets
PLANET INNOVATION PTY LTD,CSIRO,Researcher Placement,"$50,000","$150,001",Development of RAFT-based immunohistochemistry
EC SUSTAINABLE PTY. LTD.,The University of Newcastle,Researcher Placement,"$50,000","$121,500",Field validation and computer model development of Reactive Filter Media
Botanical Resources Australia-Manufacturing Services Pty Ltd,CSIRO,Researcher Placement,"$34,309","$90,048",Characterisation of pyrethrin polymer and an investigation into its formation
LAWLEY PHARMACEUTICALS PTY LTD,Monash University,Researcher Placement,"$50,000","$100,306","AndroFeme Clinical Efficacy and Safety (ACES) - a large-scale long-term clinical trial of AndroFeme testosterone cream in pre, post and surgically menopausal women."
ECOT PTY LTD,Deakin University,Researcher Placement,"$49,958","$99,916",Wireless Networked Embedded System for Consumables Management
Environmental Clean Technologies Ltd,Monash University,Researcher Placement,"$50,000","$100,000",High performance carbon monoliths from brown coal
ATLITE (AUSTRALIA) PTY LTD,Swinburne University of Technology,Researcher Placement,"$17,386","$114,879",Refinement and evaluation of Australias first fire rated skylight
Nextvet BioPharma Pty Ltd,University of Tasmania,Researcher Placement,"$50,000","$119,319",Translating human cancer immunotherapy techniques for use in pets
Leaf Resources Limited,Monash University,Researcher Placement,"$50,000","$100,000",Optimisation of Leaf Resources' Glycell process applied to Australian commercial softwood species (Pinus radiata)
Smartward Pty Limited,University of Canberra,Researcher Placement,"$50,000","$113,105",Evaluation of SmartWard implementation at The Canberra Hospital
INTERPACK PTY LTD,RMIT,Researcher Placement,"$50,000","$101,000",Reducing material costs in bottle closures
LJW SOLAR PTY LIMITED,CSIRO,Researcher Placement,"$23,102","$56,130",New PVStop Coating Technology
THE PRODUCT MAKERS (AUSTRALIA) PTY LIMITED,Victoria University,Researcher Placement,"$29,103","$58,205",The effect of Phytolin on Inflammation and Cancer in human cell lines
PERROPLAS AUSTRALIA PTY LTD,Swinburne University of Technology,Researcher Placement,"$28,350","$56,700",New plastic products with integrated functionality
WILMAR BIOETHANOL (AUSTRALIA) PTY LTD,CSIRO,Researcher Placement,"$50,000","$100,000",Optimisation of the Biostill process
LIME LITE SALES & MARKETING PTY LTD,Swinburne University of Technology,Researcher Placement,"$44,198","$88,395",The 3D printing of luminaire light fixtures
Vaxxas Pty Ltd,The University of Queensland,Researcher Placement,"$50,000","$100,000",Development of inactivated polio virus vaccine Nanopatch product
Demtech (Australia) Pty Ltd,RMIT,Researcher Placement,"$50,000","$100,000",Development of cladding panels for construction
Parafarm Pty Ltd,Swinburne University of Technology,Researcher Placement,"$49,939","$99,877",Creation of a detection device to recognise parasites
Healthy Thinking Group Pty Ltd,The University of Sydney,Researcher Placement,"$25,178","$50,355",Assessing attitudes to opt-out healthcare communication from providers
Carbon Revolution Operations Pty Ltd,RMIT,Researcher Placement,"$7,116","$14,231","Compararative LCA of carbon fibre wheels, Stage 2 study"
Suda LTD,University of Western Australia,Researcher Placement,"$42,064","$84,128",Enhancing the buccal permeation of drugs for oral spray delivery
CLEAN SEAS AQUACULTURE GROWOUT PTY LTD,Flinders University,Researcher Placement,"$50,000","$109,866",Enhancing Feed and Feeding Strategies of farmed Yellowtail Kingfish
EDLYN FOODS PTY. LTD.,Swinburne University of Technology,Researcher Placement,"$50,000","$106,897",A new food packaging dispensing solution
AUSTEX DIES PTY LTD,Macquarie University,Researcher Placement,"$49,950","$99,899",Developing Innovative Metal Extrusion Processes
EPREP PTY LTD,University of Technology Sydney,Researcher Placement,"$47,500","$154,500",Automated environmental applications development and validation
Pharmaxis Ltd,Australian National University,Researcher Placement,"$50,000","$120,500",Development of a synthetic route to sterically hindered indoles
JR BULK LIQUID TRANSPORT PTY LTD,University of Technology Sydney,Researcher Placement,"$50,000","$110,522",Phase 2: Intelligent Cloud-based applications for Milk Logistics.
Evonik Australia Pty Ltd,Central Queensland University,Researcher Placement,"$49,140","$98,280",Optimisation of continuous dosing of hydrogen peroxide for irrigation
WBS PROJECT H PTY LTD,University of New South Wales,Researcher Placement,"$50,000","$101,454",The design and implementation of the Internet of Emergency-lights
EXABLAZE PTY LTD,University of Technology Sydney,Researcher Placement,"$49,894","$99,788",Investigating Very Low Latency OpenFlow Protocols & Switching Matrices
Heathgate Resources Pty Ltd,The University of Adelaide,Researcher Placement,"$47,142","$94,284",Particle mobilisation during solvent injection.
LASERBOND LIMITED,University of South Australia,Business Researcher Placement,"$50,000","$100,000",Laser cladding for wear minimisation in drilling industry tools.
TERRAMIN AUSTRALIA LIMITED,CSIRO,Researcher Placement,"$50,000","$130,730",Terramin Social License to Operate
LITHIUM AUSTRALIA NL,ANSTO,Researcher Placement,"$50,000","$204,596",SILEACH OPTIMISATION TEST WORK
TRUSCREEN PTY LIMITED,The University of Newcastle,Researcher Placement,"$24,378","$48,756",Complex algorithm development for TruScreen cancer detection tech.
Proteomics International Pty Ltd,Murdoch University,Business Researcher Placement,"$45,254","$90,508",Development of a diagnostic test for Giardia
MARALONG MILLING PTY LTD,The University of Queensland,Researcher Placement,"$47,743","$95,486",Value-adding to waste stream products from a gluten-free flour mill
DANIEL FICK PTY LTD,University of Western Australia,Researcher Placement,"$10,017","$20,034",Histology of Laser ablated bone tissue
UMWELT (AUSTRALIA) PTY. LTD.,The University of Newcastle,Researcher Placement,"$50,000","$103,799",Algorithm development for processing of remote sensing imagery data
4 SEASON COMPANY PTY LTD,The University of Sydney,Researcher Placement,"$50,000","$100,501",Novel supplements to improve animal production and reduce GHG emission
Murdeduke Agriculture Pty Ltd,La Trobe University,Researcher Placement,"$33,261","$66,522",Application of sensors to determine feeding behavior of cattle
LIDDLE & SONS PTY LTD,University of Southern Queensland,Researcher Placement,"$50,000","$116,993",Stabilizing Nitrogen in Liquaforce Big Shot
TAE GAS TURBINES PTY LTD,CSIRO,Researcher Placement,"$47,505","$95,162",FountX Software-as-a-Service
SPRING GULLY FOODS PTY LTD,The University of Adelaide,Researcher Placement,"$25,000","$50,000",Australian native food colourings for manufactured food
BIRDON PTY LTD,The University of Newcastle,Researcher Placement,"$49,240","$98,480",Development of a construction material from contaminated dredge spoil.
NAUTITECH MINING SYSTEMS PTY LIMITED,University of Technology Sydney,Researcher Placement,"$50,000","$114,527",Thermal Analytics on Object Temperature Changing in Mining Environment
MARINDI METALS LIMITED,CSIRO,Researcher Placement,"$50,000","$155,668",A Multi-proxy 3D model of the Caranbirini Base Metal Project
SEBEL FURNITURE LTD,Western Sydney University,Researcher Placement,"$50,000","$100,000",The Co-Creative Process Applied to Learning Environment Design
SP HEALTH CO PTY LTD,CSIRO,Researcher Placement,"$44,704","$99,197",Total Wellbeing Diet Audience Expansion Project
MANUFACTURING METAL SOLUTIONS PTY LTD,University of Wollongong,Researcher Placement,"$49,689","$99,377",The MarKarno Panel
M LIGHT PTY LTD,University of Technology Sydney,Researcher Placement,"$50,000","$100,300",Close Environment Optimisation of Intelligent-Smart LED Systems
ICT INTERNATIONAL PTY LTD,The University of New England,Business Researcher Placement,"$50,000","$151,508","Develop, validate and test horticultural monitoring technology"
A & I Coatings Pty Ltd,University of Wollongong,Researcher Placement,"$50,000","$100,000",LED Curing of flexible coatings over printing
SpeeDx Pty Ltd,The Royal Womens Hospital,Researcher Placement,"$50,000","$104,200",Diagnostic Solutions for Rapid Detection of Infectious Disease Causes
MECRX PTY LTD,Monash University,Researcher Placement,"$50,000","$100,000",Physicochemical and biopharmaceutical properties of MecRx compounds
Content Group Pty Ltd,Australian National University,Researcher Placement,"$50,000","$100,000",IP value co-creation and benefit realisation for content marketing
Signostics Limited,University of South Australia,Researcher Placement,"$27,688","$55,376","Usability, reliability and accuracy of a bladder scanner (Uscan)"
Mooloo Sanctuary Pty Ltd,University of Technology Sydney,Researcher Placement,"$50,000","$109,145",Study and Validation of Pervasive Sensor Systems for Logistics
Australian Bay Lobster Producers Ltd,Central Queensland University,Business Researcher Placement,"$32,661","$65,321",Impact of stagnant seawater on successful hatching of Bay Lobsters
Steinhardt Corporation Pty Ltd,Central Queensland University,Researcher Placement,"$50,000","$119,209",Improving fruit retention and yield in macadamia
KAREN SHELDON CATERING PTY. LTD.,The University of Queensland,Researcher Placement,"$49,789","$99,577",Value added bakery products using native plant functional ingredients
Southern Oil Refining Pty Ltd,Australian National University,Researcher Placement,"$50,000","$110,660",Further Investigations of plasma upgrading of hydrocarbons
Cobbett Pty Ltd,The University of Queensland,Researcher Placement,"$50,000","$100,000",High Value Natural Nutritional Supplement
SOUTHERN GOLD LIMITED,CSIRO,Researcher Placement,"$50,000","$134,318",Bulong Gold Project
Ruag Australia Pty Ltd,RMIT,Researcher Placement,"$49,931","$99,862",Internal repair process for high strength low carbon steels utilising
ETTASON (VIC) PTY LIMITED,University of New South Wales,Researcher Placement,"$50,000","$100,000",Further study of fluorescent dyes for enhanced greenhouse growth
DELTA V PTY LTD,University of New South Wales,Researcher Placement,"$35,783","$71,566",Prototype Iron Flow Battery design and evaluation
PolyActiva Pty Ltd,,Graduate Placement,"$30,000","$60,000",Optimal formulations of PolyActiva's drug-polymer conjugates
PolyActiva Pty Ltd,Monash University,Researcher Placement,"$50,000","$124,242",Optimal formulations of PolyActiva's drug-polymer conjugates
CALLIDUS WELDING SOLUTIONS PTY LTD,Deakin University,Researcher Placement,"$20,462","$40,923",Optimisation of a titanium surface modification process
SLM Partners (Australia) Pty Ltd,The University of Sydney,Researcher Placement,"$50,000","$100,000",Sustainable increase in livestock productivity across the Rangelands
ENVIROPACIFIC SERVICES PTY LIMITED,The University of Newcastle,Researcher Placement,"$14,968","$29,936",Understanding thermal treatment of perfluorinated chemicals in soils.
SUPER COOL ASIA PACIFIC PTY LTD,Griffith University,Researcher Placement,"$50,000","$100,000",Thermal Response Sensor for Road Shipping
PEPINNINI MINERALS LIMITED,CSIRO,Researcher Placement,"$50,000","$165,420",Musgrave AEM Survey for cover mapping and characterisation
Shiny Pty Ltd,La Trobe University,Researcher Placement,"$50,000","$111,919",An adaptive & practical smart picking system
MENEGHELLO NOMINEES PTY LTD,CSIRO,Researcher Placement,"$21,757","$50,904",Improving Chemical Control In The MGalv Operation
Apollo Medical Imaging Technology Pty Ltd,The University of Newcastle,Business Researcher Placement,"$46,085","$92,169",Validating AutoMIStar with the use of multimodal CT in stroke
PACIFIC ENVIRONMENT OPERATIONS PTY LTD,The University of Newcastle,Researcher Placement,"$4,904","$9,807",Open-path boundary monitoring for dust control using LiDAR
METAL DRILLING PTY LTD,Swinburne University of Technology,Researcher Placement,"$28,037","$56,074",Casting of recycled steel used in cathode collector bars
ENWARE AUSTRALIA PTY. LIMITED,Monash University,Researcher Placement,"$49,328","$98,655",Re-design of Hand Hygiene systems and procedures
DHI WATER AND ENVIRONMENT PTY LTD,Australian National University,Business Researcher Placement,"$43,782","$87,563",Operational Vessel Underkeel Clearance Forecast System
GREENPOWER ENERGY LIMITED,Monash University,Researcher Placement,"$49,972","$99,944",Evaluation of fulvic-like products from lignite for plant growth
S.A. MUSHROOMS PTY. LTD.,Department of Primary Industries and Regions,Researcher Placement,"$23,652","$47,303",Shelf Life Extension of Mushroom Product Prototypes
CRIMSAFE SECURITY SYSTEMS PTY LTD,The University of Queensland,Researcher Placement,"$49,982","$99,963",Advanced Testing and Product Innovation Collaboration
FUTURE FIBRE TECHNOLOGIES PTY. LTD.,Monash University,Researcher Placement,"$50,000","$100,000",Improved Intrusion Detection Analysis
Pinches Industries Pty Ltd,Victoria University,Researcher Placement,"$50,000","$100,000",Development of membrane distillation heat exchanger prototype
BISCIT PTY LIMITED,The University of Newcastle,Business Researcher Placement,"$50,000","$168,028","Develop, validate and test a unique Rental System Application."
Sementis Pty Ltd,University of South Australia,Researcher Placement,"$50,000","$150,273",Process development for SCV vector vaccine production/manufacturing
INTEGRATED STEELMILL SERVICES PTY LIMITED,The University of Newcastle,Researcher Placement,"$21,015","$42,029",Safety and compliance testing of hydroxy cutting technologies.
SEAFARM QUEENSLAND PTY LTD,James Cook University,Researcher Placement,"$50,000","$100,000",Identify levels of viral loads in prawns during the production cycle
Zeolite Australia Pty Ltd,Queensland University of Technology,Researcher Placement,"$50,000","$100,000",Development of modified and natural zeolites for water treatment
The Yield Technology Solutions Pty Ltd,University of Technology Sydney,Researcher Placement,"$50,000","$130,424",Predictive agricultural forecasting
NIKPOL PTY. LTD.,Monash University,Researcher Placement,"$16,178","$32,355",Feasibility study on the utilisation of particle board waste
Mining & Energy Technical Services Pty Ltd,CSIRO,Researcher Placement,"$50,000","$197,426",Assessment of ant colony diversity at mine rehabilitation sites
WOODS FOODS PTY LTD,CSIRO,Researcher Placement,"$35,001","$70,002",Development of Extruded Products Based on Chickpea and Sorghum Flours
Coral Sunscreen Pty Ltd,CSIRO,Researcher Placement,"$50,000","$123,828",Development of novel UV absorbers for use in materials applications
Hexima Ltd,La Trobe University,Researcher Placement,"$50,000","$113,336",A new peptide ligase for protein engineering applications
WARD; MCKENZIE PTY. LTD.,Victoria University,Researcher Placement,"$50,000","$112,982",Adding value adding to a leguminous crop
Bluechiip Limited,The University of Melbourne,Researcher Placement,"$49,790","$99,580",Low temperature range sensor for biological samples
PETRIK SOIL TECHNOLOGY PTY LTD,The University of Sydney,Researcher Placement,"$25,602","$51,203",Paving the way for more effective biological amendments in agriculture
SENTEK PTY. LTD,University of South Australia,Business Researcher Placement,"$50,000","$119,187",Sensor Development for agriculture soil.
INFOME PTY. LTD.,Deakin University,Researcher Placement,"$50,000","$100,000",Improving estimates and predictability in software projects
MULTISKILLED RESOURCES AUSTRALIA PTY. LIMITED,,Graduate Placement,"$30,000","$60,000",Automated Ship Loading
WISETECH GLOBAL LIMITED,University of Technology Sydney,Researcher Placement,"$50,000","$100,361",Software quality assurance as human practice
APPLIANCE TAGGING SERVICES PTY LTD,Monash University,Researcher Placement,"$49,017","$98,034",Development of an improved Residual Current Device testing system
PEATS SOIL & GARDEN SUPPLIES PTY LTD,University of South Australia,Researcher Placement,"$50,000","$100,000",Performance improvement of BiobiN in-vessel composting system
NEW EDGE MICROBIALS PTY. LTD.,University of Southern Queensland,Researcher Placement,"$50,000","$103,189",Validation of Bacillus spp. for biocontrol of crop diseases
O'BRIEN BOILER SERVICES PTY LTD,Swinburne University of Technology,Researcher Placement,"$50,000","$101,674",The design and development of a new boiler
Sage Automation Pty Ltd,University of South Australia,Researcher Placement,"$45,982","$91,963",Vision System With Recycling Applications
DAN EVERSON PTY. LTD.,University of the Sunshine Coast,Researcher Placement,"$45,390","$90,780",Assessment of Kinetic Orthotics system
Porosus Pty Ltd,Charles Darwin University,Researcher Placement,"$21,157","$42,314",Characterisation of the microflora on crocodile skins continued
HOLMES NOMINEES (AUST) PTY. LTD.,Deakin University,Researcher Placement,"$49,633","$99,266",Fiba-Struct range development and extension
Junglefy Pty Ltd,University of Technology Sydney,Researcher Placement,"$47,572","$95,143",Development and augmentation of the Junglefy Breathing Wall
A2 INFANT NUTRITION AUSTRALIA PTY LTD,Deakin University,Researcher Placement,"$50,000","$100,036",A1 derived beta-casomorphin peptides in milk and Type 1 diabetes
Alcidion Corporation Pty Ltd,University of South Australia,Researcher Placement,"$50,000","$100,000",Management of Complex Patients using Machine Learning
Change2020 Pty Ltd,Queensland University of Technology,Researcher Placement,"$27,900","$55,799",Exploring the role of habits in embracing ambiguity
Infratech Industries Pty Ltd,The University of Newcastle,Researcher Placement,"$50,000","$126,975",Approaches to Thermochemical Oxygen Energy Storage System applications
SOS TECHNOLOGY GROUP PTY LIMITED,The University of Newcastle,Researcher Placement,"$16,268","$32,535",Automated transport scheduling algorithm and mobile application.
SOS TECHNOLOGY GROUP PTY LIMITED,,Graduate Placement,"$30,000","$72,000",Automated transport scheduling algorithm and mobile application.
KOPPERS CARBON MATERIALS & CHEMICALS PTY LTD,The University of Newcastle,Researcher Placement,"$37,100","$74,200",Automated planning of the Koppers Inventory Routing Problem
PATICO AUTOMOTIVE PTY LTD,Deakin University,Researcher Placement,"$50,000","$101,571","Design, Development and evaluation of prototype electric truck"
Waterco Limited,University of Technology Sydney,Researcher Placement,"$50,000","$106,317",Smart Interface Quality Management System for remote water testing.
AMPCONTROL CSM PTY LIMITED,The University of Newcastle,Business Researcher Placement,"$48,503","$97,006",Developing an Intrinsically Safe Ethernet Switch and Media Converter
SIPA RESOURCES LIMITED,CSIRO,Researcher Placement,"$50,000","$160,883",Integrated Alteration Mineral Mapping for the Paterson North area
PMB Defence Engineering Pty Ltd,CSIRO,Researcher Placement,"$39,502","$99,986",New lead alloy development for energy storage applications.
AUSTRALIAN ORTHOPAEDIC FIXATIONS PTY LTD,,Graduate Placement,"$28,750","$57,500",Development of the a single multi-use surgical instrument tray.
ALLEGRA ORTHOPAEDICS HOLDINGS PTY LTD,University of Wollongong,Researcher Placement,"$40,000","$80,000",Novel Bioceramic (Sr-HT-Gahnite) 3D Printing
BANLAW PTY LIMITED,The University of Newcastle,Business Researcher Placement,"$50,000","$104,640",Design and develop a mechanical diesel tank overfill protection system
HFP MACKSVILLE PTY LTD,Queensland University of Technology,Researcher Placement,"$50,000","$100,237",Medicinal effects of three Australian native plants.
HFP MUDGEE PTY LTD,Queensland University of Technology,Researcher Placement,"$50,000","$100,237",Novel therapy for MRSA infections.
CAULDRON ENERGY LIMITED,CSIRO,Researcher Placement,"$50,000","$110,000",Understanding uranium deposit behaviour to progress in-situ recovery
ARMARON BIO PTY LTD,Florey Neuroscience Institutes,Researcher Placement,"$45,500","$91,000",Assessment of NP202 in Transgenic Mouse models of Alzheimer's Disease
JMB Beverages Pty Ltd,The University of Queensland,Researcher Placement,"$34,651","$69,301",Natureceuticals from post-production wine extracts
GRANULAR PRODUCTS PTY LTD,Department of Agriculture and Fisheries,Researcher Placement,"$50,000","$101,152","Land management, soil chemistry and control of giant rats tail grass"
CELLMID LIMITED,The Westmead Institute for Medical Research,Researcher Placement,"$50,000","$102,152",Midkine therapeutic antibodies for treatment of chronic kidney disease
Patrys Ltd,The Garvan Institute of Medical Research,Researcher Placement,"$50,000","$105,000",Targeting BRCA/PTEN mutations with Deoxymab in pancreatic cancer
MyHealthTest Pty Ltd,University of Canberra,Researcher Placement,"$50,000","$114,323",Development and optimisation of dried blood sample diagnostics
GRANULAR PRODUCTS PTY LTD,Department of Agriculture and Fisheries,Business Researcher Placement,"$45,688","$91,375","Land management, soil chemistry and control of giant rats tail grass"
PLANET INNOVATION PTY LTD,CSIRO,Researcher Placement,"$50,000","$180,320",Development of RAFT-based immunohistochemistry
AUSTRALIAN ORGANIC LTD,The University of New England,Researcher Placement,"$50,000","$100,000",Enhancing the organic sector s future through improved reporting
TRI-TECH CHEMICAL CO. PTY. LTD.,Victoria University,Researcher Placement,"$31,185","$62,369",Membrane processing of industrial waste
Ocius Technology Ltd,University of New South Wales,Researcher Placement,"$50,000","$117,940","Autonomous, situation aware Unmanned Surface Vessels (USVs)"
HORIZON STORM PTY LIMITED,University of New South Wales,Researcher Placement,"$49,983","$99,965",Textile waste: A cost-effective component for building materials
Anatomics Pty Ltd,,Graduate Placement,"$26,280","$52,560",Development of patient specific medical implant technology.
IMPACT MINERALS LIMITED,Curtin University,Researcher Placement,"$50,000","$116,031",RESEARCH PROGRAMME FOR COMMONWEALTH GOLD-SILVER-ZINC-LEAD ORES
Affinity Biosciences Pty Ltd,The University of Melbourne,Researcher Placement,"$26,770","$56,979",Validation of T2 cell MHCI binding assay
Dorsavi Ltd,Victoria University,Business Researcher Placement,"$50,000","$137,700",Qualifying lower limb function with wearable bio-mechanical device
Northern Oil Refineries Pty Ltd,CSIRO,Researcher Placement,"$37,500","$75,000",Viability of plasma converted Bright Stock for commercial application
MAINSTREAM AQUACULTURE TABLE FISH PTY LTD,James Cook University,Researcher Placement,"$50,000","$106,431",Optimising Barramundi Production
Aus Bio Limited,The University of Newcastle,Researcher Placement,"$50,000","$100,000",MD990 and murine smoking model
UNITYHEALTH PTY LTD,Victoria University,Business Researcher Placement,"$44,000","$88,000",Validation of Chinese Herbal Medicine database research methodology
KIBARAN RESOURCES LIMITED,CSIRO,Researcher Placement,"$34,918","$89,474",Characterisation of the Epanko graphite deposit
CELLMID LIMITED,The Westmead Institute for Medical Research,Business Researcher Placement,"$50,000","$118,318",Midkine therapeutic antibodies for treatment of chronic kidney disease
Prana Biotechnology Limited,Monash University,Researcher Placement,"$50,000","$135,000",Physicochemical and metabolic analysis of MPACs.
Apollo Medical Imaging Technology Pty Ltd,,Graduate Placement,"$27,900","$55,800",Validating AutoMIStar with the use of multimodal CT in stroke
Hatchtech Pty Ltd,Queensland Institute of Medical Research,Researcher Placement,"$29,972","$59,943",The acaricidal properties of abametapir against Sarcoptes scabiei
COGNINET AUSTRALIA PTY. LTD.,University of Southern Queensland,Researcher Placement,"$24,947","$49,894",Prediction of Cancer Recurrence Using Innovative Machine Learning Appr
JORD INTERNATIONAL PTY LIMITED,The University of Newcastle,Researcher Placement,"$49,915","$99,829",Advanced de-watering of problematic ore and tailings
MAGELLAN POWERTRONICS PTY LTD,Edith Cowan University,Researcher Placement,"$50,000","$100,000",Intelligent Management System For Distributed Energy Storage
Clarity Pharmaceuticals Ltd,ANSTO,Researcher Placement,"$50,000","$100,896",Novel Peptide-based radiopharmaceuticals as a cancer diagnostic tool.
Terragen Biotech Pty Ltd,,Graduate Placement,"$30,000","$78,539","Novel antimicrobial products in Lactobacilli for plant growth,"
ZHIK PTY LTD,Deakin University,Researcher Placement,"$49,979","$99,957",Plasma Treatment Processes Development for High Performance Garments
Pumpfree Energy Pty Ltd,The University of Sydney,Researcher Placement,"$50,000","$100,866",Development of Novel Polymeric Sorbents
MOS TECHNOLOGIES PTY LTD,Macquarie University,Business Researcher Placement,"$50,000","$107,173","Smart Nanotechnology, a novel method to authenticate origin of goods."
MOS TECHNOLOGIES PTY LTD,Macquarie University,Researcher Placement,"$50,000","$100,132","Smart Nanotechnology, a novel method to authenticate origin of goods."
GEOFABRICS AUSTRALASIA PTY. LTD.,The University of Queensland,Researcher Placement,"$46,674","$93,348",Characterisation of Staple fibres and new product development
UVS Pty Limited,,Graduate Placement,"$30,000","$72,716",SewerSerpent Electronic Leak Locator Beta Testing
MELVELLE EQUIPMENT CORP. PTY LTD,,Graduate Placement,"$30,000","$62,424",Develop a safe and efficient means of stressing rail on plinth track.
Surtron Technologies (Australia) Pty Ltd,Curtin University,Researcher Placement,"$37,202","$74,403",Next Generation Vertical Seismic Profiling Acquisition System
Logemas Pty Ltd,Queensland University of Technology,Researcher Placement,"$50,000","$100,000",Human Photogrammetry Commercial Partnership
PRIME BIOLOGICS PTY LTD,Australian Proteome Analysis Facility Ltd,Researcher Placement,"$50,000","$104,100",Purification studies on Factor VIII using PrIME separation technology.
Petuna Aquaculture Pty Ltd,Victoria University,Researcher Placement,"$47,710","$95,420",Fresh water supply for offshore salmon farming
E PLUS BUILDING PRODUCTS PTY LTD,CSIRO,Researcher Placement,"$50,000","$127,491",Full scale firetesting of prototype doorsets
MELVELLE EQUIPMENT CORP. PTY LTD,The University of Newcastle,Researcher Placement,"$50,000","$102,314",Develop a safe and efficient means of stressing rail on plinth track.
NUCHEV PTY LTD,RMIT,Researcher Placement,"$50,000","$100,000",Analysis of Goat Milk oligosaccharides and their health benefits.
MK Wine Solutions Pty Ltd,The University of Adelaide,Researcher Placement,"$50,000","$101,875",Creating high value ingredients from apple waste
SENSADATA PTY LTD,La Trobe University,Researcher Placement,"$50,000","$133,916","RFID Track, Trace and Find : Measure and Report System"
TA ANN TASMANIA PTY LTD,University of Tasmania,Researcher Placement,"$49,674","$99,348",Logs from fibre-managed plantations for veneer engineered wood product
GITANA NOMINEES PTY. LTD.,Swinburne University of Technology,Researcher Placement,"$50,000","$119,342","Design, build & prototype premium barbeque"
Q-Sera Pty Ltd,The University of Queensland,Researcher Placement,"$50,000","$125,534",Formulation and manufacturing of RAPClot
INJURY PREVENTION SERVICES PTY. LTD.,University of Tasmania,Researcher Placement,"$30,312","$60,623",Fit for Work Triage System Evaluation
Boundary Bend Olives Pty Ltd,CSIRO,Researcher Placement,"$40,639","$81,277",Value added products from waste olive pips
CRUMBLE PTY LTD,The University of Queensland,Researcher Placement,"$6,764","$13,528",Shelf life and composition of artisanal cultured butter.
LicenSys Pty Ltd,The University of Queensland,Researcher Placement,"$30,000","$60,000",RFID Licence Plate Antenna
Longreach Plant Breeders,Western Australian Agriculture Authority,Researcher Placement,"$50,000","$100,780",Improvements in efficiency in wheat doubled haploid production
Phylogica Limited,Telethon Kids Institute,Researcher Placement,"$50,000","$102,979",Personalised therapeutic peptide vaccination targeting mutated cancer
Viewscape Pty Ltd,RMIT,Researcher Placement,"$25,089","$50,177",Reducing production costs for standard roller blinds
Terragen Biotech Pty Ltd,University of the Sunshine Coast,Business Researcher Placement,"$49,169","$98,338",Novel antimicrobial products in Lactobacilli for plant growth.
Terragen Biotech Pty Ltd,University of the Sunshine Coast,Researcher Placement,"$49,622","$99,244",Novel antimicrobial products in Lactobacilli for plant growth.
UAV VISION PTY LTD,,Graduate Placement,"$30,000","$66,000",Development of video processing firmware for camera gimbal systems.
BISCIT PTY LIMITED,,Graduate Placement,"$30,000","$60,152","Develop, validate and test a unique Rental System Application."
Medibio Limited,Monash University,Researcher Placement,"$50,000","$100,000",Heart Rate and Magnetic Stimulation Treatment for Affective Disorders
MINETEC PTY LTD,,Graduate Placement,"$30,000","$76,175",To develop state of the art electronics via a standard communication
DYESOL AUSTRALIA PTY LTD,CSIRO,Researcher Placement,"$50,000","$147,790",Stability / durability assessment of pre commercial Perovskite modules
MCLAREN VALE CHEESEMAKERS PTY LTD,The University of Adelaide,Researcher Placement,"$24,600","$49,200",Development of probiotic buffalo milk yogurts
R B BAKING PTY LTD,The University of Adelaide,Researcher Placement,"$14,846","$29,691",Creating new functional bread products
BIO CONCEPTS PTY. LTD.,Queensland University of Technology,Researcher Placement,"$50,000","$100,000",Raman Spectroscopic Analyses of Bio Concepts Activated B Complex Caps
AdAlta Ltd,La Trobe University,Researcher Placement,"$50,000","$135,358",I-bodies as biomarkers for Idiopathic Pulmonary Fibrosis (IPF).
ALCOLIZER PTY LTD,University of South Australia,Researcher Placement,"$30,594","$61,187",Sensing Devices for Illicit Drug Detection
BENEDICT RECYCLING PTY LIMITED,CSIRO,Researcher Placement,"$19,507","$39,013",Review of the Benedict Waste to Energy technology suite
WBS PROJECT H PTY LTD,University of New South Wales,Researcher Placement,"$50,000","$100,016",User-centric connected lighting systems based on LPWANs
ANCA Motion Pty Ltd,University of Wollongong,Researcher Placement,"$50,000","$100,000","Develop and optimise a novel, robust position sensor for linear motors"
RIVIERA AUSTRALIA PTY LTD,,Graduate Placement,"$29,986","$59,972","Optimisation of yacht design, components and manufacturing processes"
LIME LITE SALES & MARKETING PTY LTD,Swinburne University of Technology,Researcher Placement,"$32,082","$64,163",The 3D printing of luminaire light fixtures
FLAVOUR CREATIONS PTY LTD,Department of Agriculture and Fisheries,Researcher Placement,"$9,023","$18,045",Sensory analysis and TPA of dysphagia products
MOG LABORATORIES PTY LTD,The University of Melbourne,Business Researcher Placement,"$50,000","$100,177",Laser wavelength measurement and control
Ecofibre Industries Operations Pty Ltd,Southern Cross University,Researcher Placement,"$50,000","$100,000",Development of novel methods to extend the lifespan of Ecofibre s seed
Montezuma Mining Company Ltd,CSIRO,Researcher Placement,"$50,000","$135,983",Improved Hydrometallurgy for a Manganese Ore
ENVIRO BUILDING SERVICES PTY LTD,University of Wollongong,Researcher Placement,"$49,576","$99,152",SMART SELF-COMMISSIONING BUILDING CONTROL ALGORITHMS
NOXOPHARM LIMITED,Monash University,Researcher Placement,"$50,000","$105,600",Pharmacokinetic studies of idronoxil (NOX66). A new cancer therapeutic
UAP Australia Pty Ltd,Queensland University of Technology,Researcher Placement,"$50,000","$100,000",Design Robotics: Urban Art Projects a global manufacturing leader
Rassure Pty Ltd,,Graduate Placement,"$30,000","$60,191",Interpretation of loosely structured free-text in airline data
INTELFUSE PTY LTD,The University of Melbourne,Business Researcher Placement,"$50,000","$113,273",Enhancing a Platform for High Density LiDAR Data Analytics
INTELFUSE PTY LTD,The University of Melbourne,Researcher Placement,"$50,000","$101,800",Enhancing a Platform for High Density LiDAR Data Analytics
Crommelin Pty Ltd,CSIRO,Researcher Placement,"$13,950","$31,779",Evaluation of Crommelin AgriCoating Technology
DELTA V PTY LTD,University of New South Wales,Researcher Placement,"$50,000","$143,465",Prototype Iron Flow Battery design and evaluation
GENEA BIOMEDX PTY LTD,Hudson Institute of Medical Research,Researcher Placement,"$35,000","$70,000",Endometrial receptivity assay addition of two extra bio-markers
GENEA BIOMEDX PTY LTD,Hudson Institute of Medical Research,Business Researcher Placement,"$32,000","$64,000",Endometrial receptivity assay addition of two extra bio-markers
Maritano Enterprises Pty Ltd,Monash University,Researcher Placement,"$22,270","$44,539",Ricotta shelf life extension & flavoured dessert style development
Dorsavi Ltd,,Graduate Placement,"$29,250","$58,500",Qualifying lower limb function with wearable bio-mechanical devices
REDARC TECHNOLOGIES PTY LTD,University of New South Wales,Researcher Placement,"$29,608","$59,215",Developing novel power generation for a truck wheel hub mounted device
Minotaur Exploration Ltd,University of South Australia,Researcher Placement,"$46,915","$93,829",Structural characterization and applications of Hallyosite Nanotubes
Australian National Couriers Pty Ltd,University of Technology Sydney,Researcher Placement,"$50,000","$100,282",Optimisation methods for freight and logistics allocations
BRESEIGHT AUSTRALIA PTY LIMITED,University of Technology Sydney,Business Researcher Placement,"$50,000","$146,400",Medical Technology and Software Research for Breseight
ROBOT SYSTEMS PTY LTD,The University of Newcastle,Business Researcher Placement,"$49,883","$99,766",Development of a single board laser alignment control system
MAURI YEAST AUSTRALIA PTY LTD,The Australian Wine Research Institute Limited,Researcher Placement,"$50,000","$100,000",Yeast strain characterization
MAGGIE BEER PRODUCTS PTY LTD,Department of Primary Industries and Regions,Researcher Placement,"$50,000","$103,948",Development of functional ice cream from cultivated native seaweeds.
MAKINEX PTY LTD,University of New South Wales,Researcher Placement,"$49,896","$99,792",Autonomous concrete cutting machine
United Surface Technologies Pty Ltd,Swinburne University of Technology,Researcher Placement,"$37,703","$75,406",Improved coatings for thermal protection of carbon fibre composites
Stabilcorp Pty Ltd,The University of Newcastle,Researcher Placement,"$50,000","$101,407",Validation and optimisation of the ShoulderMaster operation and design
R.R. TAYLOR PTY LTD,,Graduate Placement,"$30,000","$73,500",Optimisation of the MetaMizer medical waste steriliser technology.
UNTAMD INDUSTRIES PTY LTD,CSIRO,Researcher Placement,"$33,025","$66,050",Smart Utilization of Heavy Equipment Carriers
iOmniScient Pty Ltd,University of Technology Sydney,Researcher Placement,"$50,000","$100,000",A Smart City Solution: License Plate & Audio Event Recognition
DAN EVERSON PTY. LTD.,,Graduate Placement,"$30,000","$60,225",Assessment of Kinetic Orthotics system
STRATA LININGS PTY LTD,Monash University,Researcher Placement,"$45,356","$90,712",Independent validation of a novel underground mine support technology.
Lowes TC Pty Limited,,Graduate Placement,"$25,200","$50,400",Developing a process to assess and optimise new plant strain selection
Lowes TC Pty Limited,University of Technology Sydney,Business Researcher Placement,"$50,000","$102,420",Development of liquid media protocols for TIS Bioreactors
Lowes TC Pty Limited,University of Technology Sydney,Researcher Placement,"$49,965","$99,930",Development of a plant propagation device.
Bale Defence Industries Pty Ltd,,Graduate Placement,"$30,000","$63,600",Autonomous hybrid diesel-electric rough terrain vehicle development.
Blackham Resources Limited,CSIRO,Researcher Placement,"$50,000","$130,968",Mapping the Chemical Architecture of the Matilda & Wiluna Gold Camps
WATERWERX PTY LTD,Monash University,Researcher Placement,"$50,000","$100,290",Analysis of Waste Water Samples and Treatment Optimisation
WATERWERX PTY LTD,,Graduate Placement,"$30,000","$75,405",Analysis of Waste Water Samples and Treatment Optimisation
INTERACTION AUSTRALIA PTY LTD,,Graduate Placement,"$30,000","$85,000",Database scalability optimisation for PostgreSQL and 3NF applications.
WATERWERX PTY LTD,Monash University,Business Researcher Placement,"$35,955","$71,909",Analysis of Waste Water Samples and Treatment Optimisation
UME Components Pty Ltd,The University of Newcastle,Researcher Placement,"$50,000","$101,926",Optimisation and testing of a novel mining conveyor support system.
TECHNICS SECURITY AUSTRALIA PTY. LIMITED,The University of Sydney,Researcher Placement,"$49,422","$98,844",Commercial kitchen exhaust treatment technologies
BIONOMICS LTD,University of South Australia,Researcher Placement,"$20,851","$41,701",An investigation of the activity of a small molecule anti-cancer drug
Clarinox Technologies Pty Ltd,RMIT,Business Researcher Placement,"$48,000","$96,000",IoT Protocol Development
OBJ Limited,Curtin University,Researcher Placement,"$43,823","$87,646",Evaluation of Diamagnetically Enhanced Delivery of Ibuprofen
MAF OCEANIA PTY LTD,Central Queensland University,Researcher Placement,"$50,000","$100,000",New directions in internal quality assement of fruit
WIRELINE SERVICES GROUP PTY LTD,The University of Queensland,Researcher Placement,"$50,000","$108,537",Bore Hole Logger
ENGENEIC PTY LIMITED,The University of Queensland,Researcher Placement,"$47,477","$94,954",Affinity maturation of a bispecific antibody using phage display
IVR GROUP PTY LTD,University of New South Wales,Business Researcher Placement,"$50,000","$100,000",Next-generation rotary ventilator
Tenasitech Pty Ltd,The University of Queensland,Researcher Placement,"$50,000","$202,572",Anti-scratch nanoadditive performance for plastics customers
Mining & Energy Technical Services Pty Ltd,CSIRO,Researcher Placement,"$21,624","$43,248",Ecological Fire Management Guidelines for Gove Minesite
Sungear Australia Pty Ltd,,Graduate Placement,"$30,000","$67,392",Design development of solar system structures and related E-Cell development
INTERACTION AUSTRALIA PTY LTD,The University of Newcastle,Researcher Placement,"$50,000","$100,041","Develop a novel IT based ""interactive"" customer communications management system (ICCMS)"
K. J. ROSS & ASSOCIATES PTY LTD,Queensland University of Technology,Researcher Placement,"$23,511","$47,022",Digital Risk and Maturity Benchmarking
PREMIER ROCK MACHINERY PTY LTD,,Graduate Placement,"$30,000","$65,000",Development of a Elevated Work Platform saftey system
FLAVOURTECH PTY. LIMITED,Deakin University,Researcher Placement,"$40,074","$80,148",Systematic paring tube design tool to enhance the utility of Centritherm
MAKINEX PTY LTD,,Graduate Placement,"$27,375","$54,750",Autonomous robtics for construction machines
AUSTRALIAN MUSTARD OIL PTY LTD,Southern Cross University,Researcher Placement,"$50,000","$100,052",Develop AMO's capability to increase profitability and market-reach of volatile oil of mustard.
Rapid Media Pty Ltd,Bond University Limited,Researcher Placement,"$25,098","$50,197",Consumer attribution modelling platform for non-digital media channels
GLOBAL GRAIN HANDLING SOLUTIONS PTY. LTD.,Curtin University,Researcher Placement,"$25,598","$51,196",Optimal Grain Storage � Project A
Textor Technologies,Monash University,Researcher Placement,"$49,197","$99,994",Surface treatments effects on the wicking and fluid distribution performance of fibres.
ROMAR ENGINEERING PTY LTD,CSIRO,Researcher Placement,"$50,000","$149,842",First stage of conversion of LaserTech65 to fabricate Titanium components
MINERAL CARBONATION INTERNATIONAL PTY LIMITED,The University of Sydney,Researcher Placement,"$50,000","$100,011",Understanding what controls the dissolution of Mg and Si from thermally activated serpentinite
MOUNT SYLVIA DIATOMITE PTY LTD,The University of Queensland,Researcher Placement,"$35,540","$71,080",Investigate the effects of mixing Palagonite with compost manure mixtures
CONVEYOR PRODUCTS AND SOLUTIONS PTY LTD,Deakin University,Researcher Placement,"$50,000","$100,040",Development of an Improved Polymer Roller Shell
Barcross Investments Pty Ltd,Department of Agriculture and Fisheries,Researcher Placement,"$50,000","$100,000",Minimally processed frozen mandarin segments
AUSTRALIAN BAY LOBSTER PRODUCERS LIMITED,,Graduate Placement,"$30,000","$78,000",Identify MDS gene in tissue sampling in Moreton Bay Lobster
CALLIDUS WELDING SOLUTIONS PTY LTD,Deakin University,Researcher Placement,"$49,917","$99,835",Optimisation of a novel titanium surface modification process - Phase II
Capsugel Australia Pty Ltd,Monash University,Business Researcher Placement,"$40,000","$80,000",Stability of Novel Lipophilic Salts in Lipid Formulations
ENRETECH AUSTRALASIA PTY LIMITED,,Graduate Placement,"$30,000","$77,745",Bio-Analytics and Biodegradation Laboratory
TWO BULLS HOLDINGS PTY LTD,Murdoch Childrens Research Institute,Business Researcher Placement,"$50,000","$100,000",Investigating the Management of Paediatric Procedural Pain Relief Obtained through Virtual Reality
STAGONO PTY LTD,Victoria University,Researcher Placement,"$43,379","$86,758",Development of an automated meat fat trimming system
ECHO RESOURCES LIMITED,CSIRO,Researcher Placement,"$50,000","$153,393",Mapping the Chemical Architecture of Gold Systems within the Yandal Greenstone Belt
AG SOLUTIONS AUSTRALIA PTY LTD,The University of Queensland,Researcher Placement,"$38,821","$77,643","Effect of NatraMin on soil physical, chemical and biological properties"
WIM RESOURCE PTY LTD,CSIRO,Researcher Placement,"$40,782","$98,503",Metallurgical viability of upgrade process for heavy mineral sands
ENRETECH AUSTRALASIA PTY LIMITED,University of New South Wales,Researcher Placement,"$49,999","$99,998",Biodegradation Trial of PFOS and PFOA Compounds
LORIS H HASSALL TRADING PTY LTD,University of New South Wales,Researcher Placement,"$46,818","$93,636",Development of halophilic surface associated inoculum for the treatment of hypersaline wastewater
LIGHTNING PROTECTION INTERNATIONAL PTY LTD,Monash University,Business Researcher Placement,"$50,000","$100,000","Development of a High-Performance, Cost-Effective Earth Enhancing Compound"
MGalv Industries,CSIRO,Researcher Placement,"$44,093","$112,280",Treatment of waste chemicals for MGalv operation
ENVIRO FRONTIER PTY LTD,,Graduate Placement,"$29,000","$58,000",TreeManager 2
GREEN DISTILLATION TECHNOLOGIES PTY. LTD.,Queensland University of Technology,Researcher Placement,"$50,000","$100,000",Effect of variations in waste tyre feedstocks on tyre oil performance
KAZIA THERAPEUTICS LIMITED,Peter MacCallum Cancer Centre,Researcher Placement,"$37,808","$75,616",In vitro investigation of cytotoxicity and ability to bypass resistant mechanisms of novel gemcitabi
WLSA PTY LTD,,Graduate Placement,"$30,000","$75,000",Clinical study and comparative review of bariatric surgery models of care and patient outcomes
PURATAP PTY LTD,University of South Australia,Researcher Placement,"$44,281","$88,562",Optimisation and testing of prototype
TS GLOBAL PTY LIMITED,The University of Newcastle,Researcher Placement,"$49,326","$98,653",Development of an innovative conveyor belt lifting technology and associated belt clamps.
PIPE LINING & COATING PTY. LIMITED,The University of Newcastle,Researcher Placement,"$33,108","$66,216",Develop and optimise a cement lined water based end pipe fitting technology.
Coal Augering Services Pty Ltd,CSIRO,Researcher Placement,"$48,184","$96,368",Develop a prototype RF communication system through multiple interconnected coal augers
ROESNER PTY LTD,University of Western Australia,Researcher Placement,"$23,877","$47,754",Dynamic Load Project
MULTISKILLED RESOURCES AUSTRALIA PTY. LIMITED,The University of Newcastle,Researcher Placement,"$50,000","$103,307",Develop specific proprietary software for the automation of shiploading facilities.
INDUSTRY CODE PTY. LTD.,RMIT,Business Researcher Placement,"$25,000","$50,000",Development of Health Delivered dietitian tool
SANO HEALTH PTY LTD,Victoria University,Business Researcher Placement,"$46,130","$92,260","Evaluation of ""Move. Eat. Breathe. Sleep."" wellnes program"
A. RICHARDS PTY LTD,Murdoch University,Business Researcher Placement,"$50,000","$123,436",Algal bioreactors for treating digestate effluent
Q-Sera Pty Ltd,The University of Queensland,Researcher Placement,"$50,000","$109,230",Formulation and manufacturing of RAPClot
RAPID PHENOTYPING PTY LIMITED,,Graduate Placement,"$30,000","$72,000",Develop and optimise the optical scanner technology for instant chemical testing.
SYPAQ SYSTEMS PTY LTD,Swinburne University of Technology,Researcher Placement,"$44,688","$89,376",The sports injury sitter (SIS)
FURNACE ENGINEERING PTY. LTD.,,Graduate Placement,"$29,565","$59,130",Improving computer aided design productivity
CINGLEVUE INTERNATIONAL PTY LTD,Edith Cowan University,Researcher Placement,"$45,734","$91,469","Applications of an online, self-completed, psychometric tool for the purposesof furthering education"
DUKETON MINING LIMITED,CSIRO,Researcher Placement,"$50,000","$146,468","Regolith-landform appraisal and geochemical exploration through cover at Duketon greenstone belt, We"
RETRIEVER COMMUNICATIONS PTY. LTD.,University of Technology Sydney,Researcher Placement,"$49,937","$99,874",Investigation of new approaches to interaction design for mobile Field Service Technicians
TRAJAN SCIENTIFIC AUSTRALIA PTY LTD,The University of Adelaide,Researcher Placement,"$31,513","$63,027",Micro-structure extrusion in hard glass
1ANSAH PTY. LTD.,University of Technology Sydney,Researcher Placement,"$47,923","$95,847",Intelligent Part Recognition Assistant (IPRA)
SPW ANALYTICAL PTY LTD,CSIRO,Business Researcher Placement,"$29,125","$58,250",Predictive Modelling of Soil Properties
MOUNTAIN BLUE FARMS PTY LTD,,Graduate Placement,"$30,000","$71,175",Developing disease resistance in blueberry plants by using inoculated antagonistic bacteria
APLIMAX PTY LTD,University of Western Australia,Researcher Placement,"$50,000","$101,361",Building a prototype NMR system for monitoring moisture content in agricultural fodder
SAGE AUTOMATION PTY LTD,University of South Australia,Researcher Placement,"$49,945","$99,891",Extended Vision System for Recycling
Was this helpful?,,,,,
